{
  "model": "fno",
  "timestamp": "2026-04-01T23:48:03",
  "rmse": 0.07475829869508743,
  "rel_l2": 0.07192724198102951,
  "max_error": 1.278511881828308,
  "inference_time_s": 5.3659,
  "n_params": 465557
}