{
  "timesteps": [
    0,
    1,
    2,
    3,
    4,
    5,
    6,
    7,
    8,
    9,
    10,
    11,
    12,
    13,
    14,
    15,
    16,
    17,
    18,
    19,
    20,
    21,
    22,
    23,
    24,
    25,
    26,
    27,
    28,
    29,
    30,
    31,
    32,
    33,
    34,
    35,
    36,
    37,
    38,
    39,
    40,
    41,
    42,
    43,
    44,
    45,
    46,
    47,
    48,
    49,
    50,
    51,
    52,
    53,
    54,
    55,
    56,
    57,
    58,
    59,
    60,
    61,
    62,
    63,
    64,
    65,
    66,
    67,
    68,
    69,
    70,
    71,
    72,
    73,
    74,
    75,
    76,
    77,
    78,
    79,
    80,
    81,
    82,
    83,
    84,
    85,
    86,
    87,
    88,
    89,
    90,
    91,
    92,
    93,
    94,
    95,
    96,
    97,
    98,
    99,
    100
  ],
  "n_steps": 101,
  "requested_steps": 101,
  "step_stride": 1,
  "n_eval_seeds": 10,
  "initial_step": 10,
  "rmse": {
    "unet": [
      0.0,
      0.0,
      0.0,
      0.0,
      0.0,
      0.0,
      0.0,
      0.0,
      0.0,
      0.0,
      0.01785700104276084,
      0.012398644929696123,
      0.009250933495052028,
      0.010203984406716236,
      0.008282327628779862,
      0.009257695133435037,
      0.009368117592086026,
      0.00964196111242089,
      0.009593152794977055,
      0.009481507866769776,
      0.008748532347362782,
      0.00795415311778937,
      0.00893725357895281,
      0.009082457533376566,
      0.008522034715944397,
      0.008159963093912133,
      0.008030414589793047,
      0.007863775315359582,
      0.007700662886159244,
      0.007939896286179124,
      0.007452223369308273,
      0.007281734413825598,
      0.006973841690936349,
      0.0070035956109078725,
      0.007256318690360285,
      0.006601215007127515,
      0.00636997138946662,
      0.006563427651017625,
      0.006643531101300905,
      0.007304929202198795,
      0.008065630627474967,
      0.009305887286554545,
      0.010754054021640612,
      0.012214420853547882,
      0.014810425388665331,
      0.01752046251891807,
      0.020773260348513036,
      0.024726336484368755,
      0.027661257534806492,
      0.03028264982277147,
      0.033252526182398594,
      0.035670308531573755,
      0.0380083384800906,
      0.040757769859246694,
      0.041708407070922486,
      0.044124781193592574,
      0.04794372932142785,
      0.050764258343376854,
      0.051629580587788916,
      0.05296813252217127,
      0.05539513550419314,
      0.05723633050145677,
      0.05973498242190636,
      0.06143435195160387,
      0.06319563552292513,
      0.06465304752981148,
      0.06405207477182848,
      0.06778102325234006,
      0.06970700883370656,
      0.06770434710761235,
      0.06986528244503722,
      0.07190651235207232,
      0.07022666170160656,
      0.07250241650159185,
      0.07406905537578466,
      0.07339008720794593,
      0.0766551656981657,
      0.07614986930162299,
      0.07857838531444575,
      0.08303309967044083,
      0.07993989023946901,
      0.08439160024739462,
      0.08934901766602271,
      0.08533352076321202,
      0.09215570154985712,
      0.09491632137712075,
      0.0901084279477263,
      0.10050055435384216,
      0.09926268888743046,
      0.09923666525720445,
      0.10748994187982133,
      0.10406024172733915,
      0.11004593013895096,
      0.1154818010165283,
      0.1155460349801037,
      0.1259666387212606,
      0.12497217419977627,
      0.1270588244062753,
      0.14678127178232991,
      0.13731693264769707,
      0.14519556933501657
    ],
    "unet_lomix": [
      0.0,
      0.0,
      0.0,
      0.0,
      0.0,
      0.0,
      0.0,
      0.0,
      0.0,
      0.0,
      0.0342618651742767,
      0.015930464667043016,
      0.015848779775254975,
      0.024149402905946398,
      0.022555081137365963,
      0.022491496033029523,
      0.022027393316686947,
      0.02158907883402272,
      0.02116227927286076,
      0.020383548404383393,
      0.019239539093805613,
      0.018040212485699175,
      0.017786134387138598,
      0.015615985759577598,
      0.015116445145774007,
      0.015970314273500798,
      0.01523579283204638,
      0.015355151600311222,
      0.016033406588335335,
      0.01687082735628797,
      0.017193360888943014,
      0.018324021785411825,
      0.018912568796850982,
      0.019675684208594654,
      0.020283904516915537,
      0.02096832769570665,
      0.021921253610732164,
      0.02267965366106485,
      0.0235673834020804,
      0.024590679524529462,
      0.02578308476436135,
      0.02713164742567724,
      0.02875215003730901,
      0.03043412260555219,
      0.03226176690705291,
      0.03435135044434675,
      0.03643071750644107,
      0.038301447027791626,
      0.040221942790997334,
      0.0423197179402731,
      0.04468315162022269,
      0.04707272150475702,
      0.04935374557817898,
      0.051457063364590695,
      0.05338179023082919,
      0.05545237353599165,
      0.05798205203450671,
      0.06031515287027539,
      0.06206265876622219,
      0.06408318390662703,
      0.06641337079549635,
      0.06851330286427566,
      0.07023907311037009,
      0.07197200562637227,
      0.0736564634294335,
      0.0751207220150538,
      0.07682545965506332,
      0.07849876758988426,
      0.07980673467827037,
      0.08095813596314554,
      0.08235758459370168,
      0.0840272383759046,
      0.08575929539479087,
      0.08746960678341958,
      0.08901515944802595,
      0.09031515556650146,
      0.09170949002917518,
      0.09319136472428394,
      0.09453752941169657,
      0.09571027826317727,
      0.09696257246858325,
      0.09824803668634598,
      0.09907057748017147,
      0.09975259059455611,
      0.10057203395823416,
      0.10158618481187963,
      0.10270685409297324,
      0.10353661045549296,
      0.10409663682560352,
      0.10458892640211076,
      0.10528967100543464,
      0.10610912323979291,
      0.10682747007948698,
      0.10738439144383562,
      0.1078506093983053,
      0.10816731837398341,
      0.10868623542139091,
      0.10925023635016502,
      0.10985105001392304,
      0.11053170822115711,
      0.11123397886918654
    ],