{
  "model": "unet_lomix",
  "timestamp": "2026-04-05T04:04:57",
  "rmse": 0.08536465466022491,
  "rel_l2": 0.08213194459676743,
  "max_error": 1.2113230228424072,
  "inference_time_s": 9.5313,
  "n_params": 7765516
}