{
  "model": "unet",
  "timestamp": "2026-03-25T16:05:43",
  "rmse": 0.7880969643592834,
  "rel_l2": 0.7613866329193115,
  "max_error": 2.0147554874420166,
  "inference_time_s": 1.469,
  "n_params": 7765057
}